<datapower-configuration version="3"><export-details><description>Exported Configuration</description><user>admin</user><domain>default</domain><comment/><product-id>software</product-id><product>IDG</product><display-product>IDG</display-product><model>IBM DataPower Gateway</model><display-model>IBM DataPower Gateway</display-model><device-name>webgui-deployment-0</device-name><serial-number>0000001</serial-number><firmware-version>IDG.10.0.4.0sr1</firmware-version><display-firmware-version>IDG.10.0.4.0sr1</display-firmware-version><firmware-build>341099sr1</firmware-build><delivery-type>CD</delivery-type><firmware-timestamp>2022/03/22 15:33:56</firmware-timestamp><current-date>2022-04-12</current-date><current-time>15:39:49 EDT</current-time><reset-date>2022-04-06</reset-date><reset-time>11:23:49 EDT</reset-time><login-message/><custom-ui-file/></export-details><interface-data><interface name="eth0" type="Other" vers="ipv4" ip-addr="172.30.139.226"/><interface name="eth0" type="Other" vers="ipv6" ip-addr="fe80::9c92:85ff:fe70:d952"/></interface-data><configuration><Domain name="default" intrinsic="true" read-only="true" xmlns:dp="http://www.datapower.com/schemas/management" xmlns:env="http://www.w3.org/2003/05/soap-envelope">
<mAdminState read-only="true">enabled</mAdminState>
<UserSummary read-only="true">Default System Domain</UserSummary>
<BaseDir read-only="true">audit:</BaseDir>
<BaseDir read-only="true">dp:</BaseDir>
<BaseDir read-only="true">local:</BaseDir>
<BaseDir read-only="true">mappings:</BaseDir>
<BaseDir read-only="true">meta:</BaseDir>
<BaseDir read-only="true">store:</BaseDir>
<BaseDir read-only="true">temporary:</BaseDir>
<BaseDir read-only="true">webgui:</BaseDir>
<BaseDir read-only="true">xa35:</BaseDir>
<ConfigDir read-only="true">config:///</ConfigDir>
<ConfigFile read-only="true">autoconfig.cfg</ConfigFile>
<URLMap read-only="true">
<http>on</http>
<https>on</https>
<snmp>on</snmp>
<ftp>on</ftp>
<mailto>on</mailto>
<mq>on</mq></URLMap>
<FileMap read-only="true">
<CopyFrom>on</CopyFrom>
<CopyTo>on</CopyTo>
<Delete>on</Delete>
<Display>on</Display>
<Exec>on</Exec>
<Subdir>on</Subdir></FileMap>
<MonitoringMap read-only="true">
<Audit>off</Audit>
<Log>off</Log></MonitoringMap>
<ConfigMode read-only="true">local</ConfigMode>
<ImportFormat read-only="true">ZIP</ImportFormat>
<LocalIPRewrite read-only="true">on</LocalIPRewrite>
<MaxChkpoints read-only="true">3</MaxChkpoints>
<ConfigPermissionsMode read-only="true">scope-domain</ConfigPermissionsMode></Domain></configuration><domains><domain name="default"/></domains></datapower-configuration>