<datapower-configuration version="3"><export-details><description>Exported Configuration</description><user>r66148</user><domain>default</domain><comment/><product-id>844152X</product-id><product>IDG</product><display-product>IDG</display-product><model>IBM DataPower Gateway</model><display-model>IBM DataPower Gateway</display-model><device-name>DPW4-Air4SI_sap1va0025</device-name><serial-number>7800035</serial-number><firmware-version>IDG.2018.4.1.16</firmware-version><display-firmware-version>IDG.2018.4.1.16</display-firmware-version><firmware-build>330899</firmware-build><delivery-type>LTS</delivery-type><firmware-timestamp>2021/04/01 21:44:18</firmware-timestamp><current-date>2022-10-11</current-date><current-time>10:36:52 EDT</current-time><reset-date>2022-10-10</reset-date><reset-time>12:41:38 EDT</reset-time><login-message/><custom-ui-file>local:///Coloring.xsd</custom-ui-file><intrusion-detection>enable</intrusion-detection></export-details><interface-data><interface name="DPW4VS01LinkAgg" type="Aggregate" vers="ipv4" ip-addr="159.165.196.243"/></interface-data><configuration><Domain name="Generic" xmlns:dp="http://www.datapower.com/schemas/management" xmlns:env="http://www.w3.org/2003/05/soap-envelope">
<mAdminState>enabled</mAdminState>
<BaseDir>Generic:</BaseDir>
<BaseDir>local:</BaseDir>
<ConfigFile>Generic.cfg</ConfigFile>
<NeighborDomain class="Domain">default</NeighborDomain>
<URLMap>
<http>on</http>
<https>on</https>
<snmp>off</snmp>
<ftp>off</ftp>
<mailto>off</mailto>
<mq>off</mq></URLMap>
<FileMap>
<CopyFrom>on</CopyFrom>
<CopyTo>on</CopyTo>
<Delete>on</Delete>
<Display>on</Display>
<Exec>on</Exec>
<Subdir>on</Subdir></FileMap>
<MonitoringMap>
<Audit>off</Audit>
<Log>off</Log></MonitoringMap>
<ConfigMode>local</ConfigMode>
<ImportFormat>ZIP</ImportFormat>
<LocalIPRewrite>on</LocalIPRewrite>
<MaxChkpoints>3</MaxChkpoints>
<ConfigPermissionsMode>scope-domain</ConfigPermissionsMode></Domain></configuration><domains><domain name="Generic"/></domains></datapower-configuration>