<datapower-configuration version="3"><export-details><description>Exported Configuration</description><user>admin</user><domain>default</domain><comment>deploy-generic-11152022</comment><product-id>software</product-id><product>IDG</product><display-product>IDG</display-product><model>IBM DataPower Gateway</model><display-model>IBM DataPower Gateway</display-model><device-name>eefc9c1d851c</device-name><serial-number>0000001</serial-number><firmware-version>IDG.10.0.4.0</firmware-version><display-firmware-version>IDG.10.0.4.0</display-firmware-version><firmware-build>337833</firmware-build><delivery-type>CD</delivery-type><firmware-timestamp>2021/12/03 13:03:24</firmware-timestamp><current-date>2022-11-15</current-date><current-time>11:43:58 EST</current-time><reset-date>2022-11-15</reset-date><reset-time>11:34:29 EST</reset-time><login-message/><custom-ui-file/></export-details><interface-data><interface name="tap0" type="Other" vers="ipv4" ip-addr="10.0.2.100"/><interface name="tap0" type="Other" vers="ipv6" ip-addr="fd00::d039:3cff:fe55:ab4f"/><interface name="tap0" type="Other" vers="ipv6" ip-addr="fe80::d039:3cff:fe55:ab4f"/></interface-data><configuration><Domain name="default" intrinsic="true" read-only="true" xmlns:dp="http://www.datapower.com/schemas/management" xmlns:env="http://www.w3.org/2003/05/soap-envelope">
<mAdminState read-only="true">enabled</mAdminState>
<UserSummary read-only="true">Default System Domain</UserSummary>
<BaseDir read-only="true">audit:</BaseDir>
<BaseDir read-only="true">dp:</BaseDir>
<BaseDir read-only="true">local:</BaseDir>
<BaseDir read-only="true">mappings:</BaseDir>
<BaseDir read-only="true">meta:</BaseDir>
<BaseDir read-only="true">store:</BaseDir>
<BaseDir read-only="true">temporary:</BaseDir>
<BaseDir read-only="true">webgui:</BaseDir>
<BaseDir read-only="true">xa35:</BaseDir>
<ConfigDir read-only="true">config:///</ConfigDir>
<ConfigFile read-only="true">autoconfig.cfg</ConfigFile>
<URLMap read-only="true">
<http>on</http>
<https>on</https>
<snmp>on</snmp>
<ftp>on</ftp>
<mailto>on</mailto>
<mq>on</mq></URLMap>
<FileMap read-only="true">
<CopyFrom>on</CopyFrom>
<CopyTo>on</CopyTo>
<Delete>on</Delete>
<Display>on</Display>
<Exec>on</Exec>
<Subdir>on</Subdir></FileMap>
<MonitoringMap read-only="true">
<Audit>off</Audit>
<Log>off</Log></MonitoringMap>
<ConfigMode read-only="true">local</ConfigMode>
<ImportFormat read-only="true">ZIP</ImportFormat>
<LocalIPRewrite read-only="true">on</LocalIPRewrite>
<MaxChkpoints read-only="true">3</MaxChkpoints>
<ConfigPermissionsMode read-only="true">scope-domain</ConfigPermissionsMode></Domain><Domain name="Generic" xmlns:dp="http://www.datapower.com/schemas/management" xmlns:env="http://www.w3.org/2003/05/soap-envelope">
<mAdminState>enabled</mAdminState>
<BaseDir>Generic:</BaseDir>
<BaseDir>local:</BaseDir>
<ConfigDir>config:///</ConfigDir>
<ConfigFile>Generic.cfg</ConfigFile>
<NeighborDomain class="Domain">default</NeighborDomain>
<URLMap>
<http>on</http>
<https>on</https>
<snmp>off</snmp>
<ftp>off</ftp>
<mailto>off</mailto>
<mq>off</mq></URLMap>
<FileMap>
<CopyFrom>on</CopyFrom>
<CopyTo>on</CopyTo>
<Delete>on</Delete>
<Display>on</Display>
<Exec>on</Exec>
<Subdir>on</Subdir></FileMap>
<MonitoringMap>
<Audit>off</Audit>
<Log>off</Log></MonitoringMap>
<ConfigMode>local</ConfigMode>
<ImportFormat>ZIP</ImportFormat>
<LocalIPRewrite>on</LocalIPRewrite>
<MaxChkpoints>3</MaxChkpoints>
<ConfigPermissionsMode>scope-domain</ConfigPermissionsMode></Domain></configuration><domains><domain name="default"/><domain name="Generic"/></domains></datapower-configuration>